47f9587ecc53e367420cf4406f7564180a89838f,64e4dbd3dfe,2391f0824ac,None,android-13.0,android-13.0.0_r82
64e4dbd3dfe958342f71da063bea2c076102f64f,48ac7f2067b,0c0d251edfa,None,android-13.0,android-13.0.0_r71
d3f75e98eac139e3f4b88331a5d6d0bd17b676c9,576872bade7,3169dfcf37e,None,android-13.0,android-13.0.0_r61
25eecd6d38ebb199831b1a98de38bb3271b9170f,f0736f41978,87725c3faa3,None,android-13.0,android-13.0.0_r44
47122909ae4f86f3b6c82aa5fc7d9b550c979903,0910bc3f057,cdc63a6b182,None,android-13.0,android-13.0.0_r41
20b50bcf2cdd722955040b713056399f0ec17bd2,72dc62d7651,af0429f7c33,None,android-13.0,android-13.0.0_r35
8760858efec6e27ad31b2979b3efeb11266fa0b5,e0919dd5a31,c0061031eb3,None,android-13.0,android-13.0.0_r30
e9fa89ccc721890c1d006a243a7376de4147d6d8,a3d919cfdf1,324a1c31a79,None,android-13.0,android-13.0.0_r24
f2b53072aa24c3f9f84e762d313f85f5f179e4a4,5792a603e42,7556c20276d,None,android-13.0,android-13.0.0_r16
45681a1567c48072612384989589781af2c646f1,62435308317,5ded4e967b0,None,android-13.0,android-13.0.0_r13
