618f6a02835ece0d70405b66bc37e4c545d231ca,c6491b3aca5,5d817b262e5,None,topaz,android-13.0.0_r74
4278111b5170151ed47b197d72fb94c1e1fc26e6,f27e859b580,1d56c58117a,None,topaz,android-13.0.0_r63
750c4b2148206be44b34d93f661c879939391f49,c7f59cc3486,07d7e334273,None,topaz,android-13.0.0_r52
a734591b2572cf9bc3353cc40eb0df59257a3feb,9ce20b1ce9d,87725c3faa3,None,topaz,android-13.0.0_r43
963fdace15ff87def33f9b68308f29849388bed6,2189562c6c5,cdc63a6b182,None,topaz,android-13.0.0_r38
74a21b989f82a6a024f29085ad324e939472bed1,00b5f9eec04,d69be736a70,None,topaz,android-13.0.0_r32
21ae44e32cacd4b3070236729d105da20ea66dc3,5b7dec19fe9,324a1c31a79,None,topaz,android-13.0.0_r23
595572aed3270fda20949d9c19381969d40ecfd4,eedd1b310fe,2c4adf27ce6,None,topaz,android-13.0.0_r23
30e547372fc6724d52056a45acd2ded265e32b2f,ad6cb7cc284,5ce90acaff4,None,topaz,android-13.0.0_r23
897b1b7995acd1abb660fb79b7e3488afee8003f,4e4914b22b7,4b007dbb191,None,topaz,android-13.0.0_r23
4e4914b22b779e6376bb00ae20636175b2a70d8c,dbed40a3cd3,ed5d4d06907,None,topaz,android-13.0.0_r23
0d68733d6363c270aed49b9be40c2b8ca41c3c52,8abd70f6c86,18444cf0a96,None,topaz,android-13.0.0_r23
af01b38e0a0664bc87b649248b0c13fbe0925193,7a7cef8b9a3,8a0f94c4f08,None,topaz,android-13.0.0_r23
5095525ee75422d7e639597657814322c6429623,4beac9baeb8,601621bf9fa,None,topaz,android-13.0.0_r23
ad12fd5a1dc8b43517fd01f6e9909407bd3b3649,a1b4d6adc1c,7ba28bc7d97,None,topaz,android-13.0.0_r23
